node,neighbors rank,gt rank
0,"{40, 41, 91, 298, 299, 77, 141, 426, 488, 300, 431, 85, 507, 376, 474, 347}",[]
1,"{599, 263, 264, 425, 301, 333, 437, 85, 439, 118, 474, 317}",[]
2,"{134, 550, 295, 458, 556, 365, 462, 208, 412, 543}",[]
3,"{32, 99, 579, 580, 581, 550, 562, 533, 407, 249, 283, 220, 542}",[]
4,"{164, 567, 392, 107, 460, 143, 471, 441}",[]
5,"{513, 228, 102, 137, 558, 15, 495, 497, 594, 534, 218, 540}",[]
6,"{96, 416, 484, 328, 16, 274, 568, 319}",[]
7,"{130, 323, 326, 134, 458, 428, 589, 556, 365, 208, 535, 351}",[]
8,"{64, 384, 260, 553, 76, 111, 273, 569, 348}",[]
9,"{164, 453, 231, 107, 460, 143, 149, 567, 441}",[]
10,"{320, 67, 389, 6, 229, 593, 595, 243, 372, 408, 318}",[]
11,"{320, 385, 36, 389, 6, 229, 103, 430, 593, 337, 243, 54, 59}",[]
12,"{515, 390, 328, 139, 461, 48, 371, 52, 500, 503, 280, 509, 63}",[]
13,"{227, 37, 73, 47, 563, 406, 311, 378, 539, 382}",[]
14,"{545, 164, 392, 394, 107, 400, 436, 150, 441, 476}",[]
15,"{5, 517, 510, 523, 203, 335, 592, 432, 596, 53, 535, 409, 572, 343}",[]
16,"{320, 67, 6, 583, 10, 234, 595, 115, 372, 408, 505}",[]
17,"{196, 324, 393, 144, 113, 338, 306, 307, 177, 342, 370, 92}",[]
18,"{480, 291, 584, 265, 207, 466, 22, 473, 156, 285}",[]
19,"{544, 130, 323, 295, 458, 267, 140, 525, 428, 556, 377, 126}",[]
20,"{96, 161, 484, 235, 528, 243, 24, 25, 94}",[]
21,"{224, 353, 582, 70, 583, 103, 234, 557, 237, 337, 183, 475}",[]
22,"{416, 515, 390, 424, 169, 12, 461, 175, 48, 18, 371, 503, 509}",[]
23,"{322, 522, 555, 140, 525, 87, 55, 57, 381}",[]
24,"{161, 230, 235, 49, 114, 20, 21, 564, 25, 122, 94}",[]
25,"{161, 230, 235, 528, 20, 564, 24, 94}",[]
26,"{131, 231, 460, 597, 149, 88, 346, 445}",[]
27,"{321, 161, 230, 391, 327, 49, 114, 564, 24, 122, 125, 94}",[]
28,"{192, 449, 290, 195, 287, 136, 168, 270, 276, 443, 316, 95}",[]
29,"{162, 194, 68, 546, 294, 105, 74, 45, 148, 502, 248, 379, 127}",[]
30,"{128, 65, 357, 201, 398, 591, 463, 304, 305, 188, 244, 153, 124}",[]
31,"{134, 326, 458, 556, 589, 462, 335, 208, 365, 535, 351}",[]
32,"{418, 3, 580, 581, 550, 562, 533, 407, 221, 249, 412, 157, 542}",[]
33,"{160, 513, 289, 355, 297, 491, 310, 506}",[]
34,"{35, 547, 281, 490, 339, 247, 380, 345, 444, 316, 93, 95}",[]
35,"{34, 547, 38, 166, 268, 559, 241, 498, 247, 345, 442, 380}",[]
36,"{385, 353, 70, 103, 59, 11, 555, 430, 337, 54, 87, 27}",[]
37,"{288, 541, 34, 547, 281, 490, 459, 396, 559, 339, 184, 345, 571, 444, 93}",[]
38,"{35, 166, 236, 268, 494, 47, 241, 498, 247, 380, 442, 284, 189, 382}",[]
39,"{41, 586, 138, 42, 77, 269, 427, 112, 212, 90, 507}",[]
40,"{0, 98, 356, 454, 91, 298, 299, 141, 106, 211, 85, 376, 347}",[]
41,"{0, 263, 39, 298, 299, 427, 77, 426, 42, 431, 85, 376, 474, 507}",[]
42,"{98, 356, 454, 40, 106, 587, 299, 141, 91, 467, 376, 347}",[]
43,"{321, 161, 579, 99, 391, 367, 114, 564, 277, 122, 542}",[]
44,"{90, 551, 72, 494, 80, 565, 344, 154, 152}",[]
45,"{545, 421, 423, 489, 171, 172, 173, 400, 61, 312, 476, 29}",[]
46,"{352, 325, 197, 455, 200, 232, 362, 204, 78, 82}",[]
47,"{38, 166, 73, 236, 13, 378, 241, 498, 563, 182, 442, 284, 382, 255}",[]
48,"{291, 265, 429, 115, 116, 372, 22, 505, 156, 285}",[]
49,"{224, 353, 582, 70, 103, 59, 234, 557, 237, 337, 411, 183, 27}",[]
50,"{352, 98, 261, 202, 271, 560, 369, 82, 467, 211}",[]
51,"{512, 576, 387, 518, 167, 552, 489, 524, 397, 142, 175, 242, 405}",[]
52,"{515, 139, 12, 461, 48, 371, 500, 503, 280, 88, 63}",[]
53,"{160, 513, 289, 355, 520, 360, 297, 491, 334, 15, 275, 60}",[]
54,"{385, 36, 389, 103, 11, 555, 430, 593, 337, 59}",[]
55,"{321, 230, 391, 43, 367, 114, 564, 277, 122, 125, 574}",[]
56,"{577, 194, 133, 294, 199, 105, 331, 117, 598, 502, 62}",[]
57,"{321, 386, 578, 548, 391, 123, 239, 367, 209, 468, 277, 219, 125, 574}",[]
58,"{514, 131, 164, 231, 460, 143, 597, 149, 26, 445}",[]
59,"{385, 353, 36, 70, 103, 11, 555, 557, 430, 337, 411, 55, 54, 87, 183, 27, 381}",[]
60,"{324, 457, 479, 177, 338, 370, 307, 53, 120, 92, 415}",[]
61,"{194, 546, 68, 105, 74, 492, 45, 502, 248, 127, 223}",[]
62,"{312, 71, 171, 364, 240, 176, 435, 340, 56, 282, 155, 190}",[]
63,"{416, 328, 139, 12, 16, 274, 500, 52, 503, 319}",[]
64,"{259, 165, 8, 170, 109, 174, 187, 185, 158, 478}",[]
65,"{132, 324, 485, 422, 359, 393, 590, 433, 338, 210, 561, 342, 215, 438, 30}",[]
66,"{288, 257, 197, 200, 490, 396, 464, 401, 281, 571, 541, 350}",[]
67,"{320, 229, 6, 10, 595, 372, 116, 243, 408, 318}",[]
68,"{545, 421, 71, 423, 171, 400, 176, 61, 150, 29}",[]
69,"{129, 196, 488, 104, 300, 302, 431, 303, 314}",[]
70,"{96, 230, 327, 568, 206, 49, 404, 21, 566, 24, 125, 94}",[]
71,"{194, 68, 199, 487, 105, 117, 598, 502, 248, 315, 62, 223}",[]
72,"{452, 551, 268, 44, 494, 80, 403, 152, 154, 189}",[]
73,"{37, 166, 236, 13, 378, 47, 563, 406, 442, 539, 382, 255}",[]
74,"{576, 421, 423, 489, 171, 172, 173, 496, 61, 312, 29}",[]
75,"{512, 387, 518, 327, 167, 552, 524, 206, 242, 468, 405, 566, 123, 125, 574}",[]
76,"{292, 8, 233, 109, 174, 187, 213, 185, 158, 478}",[]
77,"{0, 262, 263, 39, 41, 586, 298, 427, 269, 42, 426, 112, 85, 599, 474, 507}",[]
78,"{551, 553, 44, 80, 565, 344, 569, 154, 152}",[]
79,"{288, 257, 165, 200, 170, 464, 401, 281, 571, 349, 541}",[]
80,"{258, 325, 197, 455, 200, 362, 204, 78, 46, 401, 82, 369, 279}",[]
81,"{324, 393, 457, 17, 338, 177, 306, 370, 307, 120, 92, 415}",[]
82,"{352, 258, 325, 455, 232, 362, 202, 204, 78, 46, 369, 50, 279}",[]
83,"{321, 386, 578, 391, 327, 167, 524, 239, 209, 242, 468, 123, 125, 574}",[]
84,"{193, 417, 104, 587, 588, 174, 561, 210, 213, 246}",[]
85,"{0, 1, 263, 264, 40, 41, 298, 299, 77, 426, 301, 42, 376, 474}",[]
86,"{420, 296, 361, 504, 205, 527, 531, 596, 499, 245, 440, 409, 511}",[]
87,"{36, 59, 522, 555, 525, 411, 55, 23, 27, 381}",[]
88,"{131, 453, 231, 399, 52, 149, 280, 26, 445}",[]
89,"{165, 456, 170, 109, 238, 187, 185, 158, 478}",[]
90,"{384, 260, 39, 138, 44, 269, 565, 152, 569}",[]
91,"{0, 98, 356, 454, 40, 298, 587, 299, 141, 106, 271, 211, 467, 376, 347}",[]
92,"{457, 144, 17, 306, 113, 307, 177, 370, 529, 120}",[]
93,"{290, 34, 547, 281, 490, 459, 270, 339, 316, 247, 184, 345, 444, 380, 541, 95}",[]
94,"{385, 353, 36, 70, 103, 59, 234, 11, 430, 337, 54, 27}",[]
95,"{290, 34, 459, 28, 270, 339, 316, 184, 345, 444, 380, 93}",[]
96,"{320, 385, 70, 6, 583, 10, 11, 234, 337, 115, 372, 408}",[]
97,"{131, 164, 453, 231, 460, 399, 143, 149, 441, 26}",[]
98,"{454, 40, 298, 587, 106, 91, 271, 50, 211, 467, 376, 347}",[]
99,"{3, 579, 548, 581, 391, 43, 239, 367, 114, 564, 277, 220, 542}",[]
100,"{481, 450, 456, 238, 366, 465, 313, 349, 254, 575}",[]
101,"{321, 578, 518, 327, 167, 552, 524, 209, 242, 468, 405, 566, 123, 125, 574}",[]
102,"{420, 5, 510, 203, 589, 537, 335, 402, 531, 596, 245, 535, 409, 343, 351}",[]
103,"{161, 230, 235, 49, 21, 24, 25, 122, 94}",[]
104,"{439, 262, 329, 425, 110, 84, 437, 118, 599, 374, 244, 188, 413}",[]
105,"{312, 71, 171, 173, 240, 61, 340, 310, 56, 29}",[]
106,"{262, 263, 586, 42, 427, 77, 426, 112, 212, 118, 599, 474, 507, 413}",[]
107,"{354, 451, 4, 136, 9, 266, 168, 14, 366, 121, 410, 254, 447}",[]
108,"{386, 578, 167, 395, 524, 239, 209, 242, 468, 123, 574}",[]
109,"{64, 260, 553, 76, 111, 89, 186, 348, 159}",[]
110,"{193, 359, 104, 588, 433, 210, 561, 213, 246, 314}",[]
111,"{193, 417, 292, 261, 8, 585, 233, 109, 174, 213, 187, 478}",[]
112,"{98, 454, 91, 587, 106, 271, 560, 467, 211, 347}",[]
113,"{196, 324, 422, 393, 303, 17, 306, 370, 342, 92, 30}",[]
114,"{321, 161, 579, 99, 230, 391, 43, 367, 564, 277, 24, 122, 125, 574}",[]
115,"{416, 96, 390, 328, 169, 139, 461, 206, 16, 48, 404, 503, 568, 509}",[]
116,"{67, 291, 429, 595, 179, 22, 505}",[]
117,"{56, 71, 364, 240, 176, 435, 340, 278, 216, 282, 155, 190}",[]
118,"{129, 193, 417, 356, 104, 106, 587, 588, 302, 210, 246}",[]
119,"{480, 584, 363, 207, 148, 473, 410, 252, 447}",[]
120,"{160, 289, 355, 135, 520, 360, 297, 491, 332, 334, 81, 275, 60}",[]
121,"{164, 567, 519, 392, 394, 107, 143, 436, 150, 471, 441}",[]
122,"{224, 353, 103, 59, 522, 555, 557, 411, 87, 55, 27, 381}",[]
123,"{224, 101, 198, 521, 522, 75, 361, 108, 527, 178, 83, 57, 511}",[]
124,"{196, 324, 422, 359, 393, 590, 303, 433, 306, 113, 342, 314, 30}",[]
125,"{224, 353, 101, 70, 522, 75, 557, 83, 411, 55, 183, 57, 27}",[]
126,"{544, 130, 323, 550, 295, 458, 267, 556, 208, 19, 412, 157}",[]
127,"{545, 421, 423, 171, 172, 400, 61, 150, 441, 476, 29}",[]
128,"{132, 324, 485, 422, 359, 393, 590, 433, 338, 306, 113, 342, 30}",[]
129,"{1, 439, 262, 263, 264, 425, 426, 301, 437, 118, 599, 474, 413}",[]
130,"{32, 418, 3, 580, 581, 7, 562, 533, 407, 249, 283, 220, 221}",[]
131,"{453, 231, 460, 399, 597, 149, 280, 26, 88, 445}",[]
132,"{128, 65, 419, 201, 364, 398, 591, 278, 472, 153, 155, 190, 216}",[]
133,"{250, 493, 176, 435, 436, 150, 56, 282, 155}",[]
134,"{549, 7, 558, 336, 309, 470, 540, 221, 31}",[]
135,"{163, 360, 297, 491, 332, 334, 526, 81, 341, 60, 222}",[]
136,"{448, 225, 514, 164, 567, 519, 392, 330, 394, 107, 143, 471, 538, 375}",[]
137,"{517, 5, 326, 203, 335, 432, 596, 535, 536, 537, 343, 351}",[]
138,"{384, 39, 427, 269, 112, 212, 565, 152, 569, 90, 507}",[]
139,"{416, 328, 169, 12, 16, 48, 274, 371, 52, 500, 63, 503, 280, 509, 319}",[]
140,"{386, 579, 99, 581, 548, 391, 367, 239, 277, 407, 219, 220, 542}",[]
141,"{439, 262, 263, 264, 41, 586, 42, 426, 77, 301, 85, 599, 474}",[]
142,"{480, 546, 516, 486, 554, 492, 205, 207, 272, 466, 51, 440}",[]
143,"{192, 449, 97, 195, 4, 451, 354, 136, 9, 266, 168, 121, 58, 443, 287}",[]
144,"{457, 523, 177, 370, 307, 529, 53, 17, 146, 120, 92, 572}",[]
145,"{288, 257, 541, 170, 459, 464, 465, 339, 281, 571, 349}",[]
146,"{523, 203, 462, 335, 144, 529, 432, 536, 572, 543}",[]
147,"{131, 453, 231, 460, 399, 149, 88, 26}",[]
148,"{545, 421, 460, 172, 400, 532, 119, 441, 476, 29}",[]
149,"{97, 226, 449, 354, 9, 363, 434, 147, 276, 58, 508, 446, 447}",[]
150,"{121, 162, 450, 68, 133, 294, 14, 502, 313, 379, 254, 127}",[]
151,"{193, 417, 292, 585, 233, 588, 174, 213, 570, 187, 253, 478}",[]
152,"{72, 138, 44, 80, 565, 569, 90}",[]
153,"{132, 485, 422, 359, 588, 590, 433, 210, 561, 438, 215, 570, 253, 30}",[]
154,"{257, 258, 325, 197, 455, 200, 362, 204, 78, 46, 464, 401, 279, 350}",[]
155,"{577, 132, 133, 199, 233, 331, 117, 598, 215, 570, 62}",[]
156,"{512, 509, 387, 388, 390, 424, 169, 461, 206, 175, 48, 18, 404, 477}",[]
157,"{32, 418, 580, 550, 295, 267, 533, 309, 249, 412, 126}",[]
158,"{64, 191, 358, 553, 76, 368, 89, 186, 573, 286, 159}",[]
159,"{288, 258, 325, 165, 456, 170, 109, 464, 401, 158}",[]
160,"{33, 517, 457, 479, 592, 53, 343, 120, 217, 251, 510, 415}",[]
161,"{230, 235, 43, 49, 114, 20, 564, 24, 25, 122, 94}",[]
162,"{545, 421, 172, 400, 436, 150, 441, 476, 29}",[]
163,"{128, 357, 135, 332, 398, 463, 304, 305, 81, 341, 124}",[]
164,"{449, 97, 451, 4, 354, 58, 136, 9, 266, 168, 14, 121, 410, 447}",[]
165,"{64, 191, 358, 553, 79, 344, 89, 159}",[]
166,"{35, 38, 73, 268, 236, 47, 241, 498, 247, 442, 284, 189, 382}",[]
167,"{224, 516, 101, 582, 521, 361, 75, 108, 205, 527, 178, 83, 51, 511}",[]
168,"{448, 225, 514, 164, 567, 392, 330, 107, 143, 597, 471, 346, 375}",[]
169,"{582, 583, 234, 237, 115, 372, 22, 505, 475, 156, 285}",[]
170,"{64, 191, 358, 553, 79, 368, 145, 344, 89, 573, 286, 159}",[]
171,"{194, 68, 487, 105, 74, 45, 598, 502, 248, 127, 62, 223}",[]
172,"{480, 546, 162, 486, 584, 74, 45, 466, 148, 252, 127}",[]
173,"{248, 194, 546, 105, 74, 492, 45, 499, 440, 251, 223}",[]
174,"{64, 329, 76, 111, 273, 84, 214, 151, 348, 383}",[]
175,"{480, 516, 582, 554, 237, 207, 272, 466, 51, 22, 475, 156, 285}",[]
176,"{194, 68, 133, 294, 199, 117, 502, 248, 313, 379, 62}",[]
177,"{289, 357, 135, 360, 297, 491, 332, 334, 81, 275, 341, 60}",[]
178,"{578, 518, 167, 552, 524, 397, 209, 242, 468, 405, 123, 574}",[]
179,"{226, 291, 265, 429, 116, 508, 446}",[]
180,"{386, 579, 578, 548, 395, 219, 239, 367, 209, 283, 220}",[]
181,"{420, 296, 504, 492, 205, 527, 499, 245, 440, 409, 511}",[]
182,"{257, 547, 197, 200, 490, 396, 559, 247, 281, 571, 350}",[]
183,"{512, 230, 327, 552, 206, 49, 242, 404, 21, 566, 568, 125, 574}",[]
184,"{225, 227, 37, 330, 406, 375, 538, 539, 414}",[]
185,"{64, 358, 250, 76, 368, 89, 186, 286, 191}",[]
186,"{292, 478, 456, 233, 109, 238, 185, 187, 158}",[]
187,"{64, 191, 76, 111, 435, 214, 151, 89, 186, 383}",[]
188,"{422, 359, 104, 588, 303, 433, 210, 561, 314, 30}",[]
189,"{256, 38, 551, 72, 166, 268, 236, 494, 498, 403, 182, 442, 284, 255}",[]
190,"{577, 132, 485, 199, 487, 331, 530, 117, 598, 215, 570, 315, 62}",[]
191,"{450, 478, 165, 456, 170, 238, 185, 187, 349, 158, 575}",[]
192,"{449, 226, 195, 354, 168, 266, 270, 434, 276, 58, 443, 28}",[]
193,"{329, 425, 110, 111, 273, 84, 214, 151, 118, 374, 348, 413}",[]
194,"{545, 56, 71, 171, 173, 176, 240, 61, 340, 312, 282, 29}",[]
195,"{448, 225, 514, 227, 567, 330, 143, 597, 471, 346, 311, 375}",[]
196,"{69, 422, 359, 393, 303, 433, 17, 306, 113, 342, 314, 30}",[]
197,"{256, 66, 452, 551, 72, 494, 80, 403, 182, 154, 284, 189}",[]
198,"{386, 578, 548, 395, 123, 558, 239, 495, 209, 497, 468, 534, 219}",[]
199,"{56, 71, 250, 176, 435, 278, 216, 282, 155, 190}",[]
200,"{256, 66, 452, 551, 72, 79, 80, 403, 182, 344, 154}",[]
201,"{577, 132, 485, 331, 590, 433, 530, 561, 438, 215, 570, 253, 30}",[]
202,"{352, 259, 261, 8, 204, 78, 271, 560, 369, 82, 467, 211, 50, 279}",[]
203,"{513, 228, 102, 520, 137, 15, 594, 308, 218, 540}",[]
204,"{352, 258, 325, 197, 455, 200, 232, 202, 362, 78, 46, 401, 82, 369, 279}",[]
205,"{576, 387, 518, 167, 489, 524, 397, 142, 496, 405, 86, 181}",[]
206,"{516, 70, 582, 583, 554, 75, 234, 237, 115, 183, 475, 156}",[]
207,"{515, 388, 483, 390, 424, 461, 142, 175, 18, 532, 119, 477}",[]
208,"{549, 7, 558, 562, 533, 470, 309, 283, 540, 221, 31}",[]
209,"{322, 420, 101, 198, 361, 108, 589, 527, 402, 83, 531, 178, 180, 57}",[]
210,"{65, 425, 333, 110, 84, 244, 214, 118, 374, 153, 188}",[]
211,"{352, 98, 454, 40, 202, 271, 560, 50, 467, 91}",[]
212,"{417, 261, 454, 585, 106, 587, 271, 560, 467, 211}",[]
213,"{329, 76, 110, 111, 273, 84, 214, 151, 472, 374, 348, 383}",[]
214,"{193, 417, 292, 233, 588, 174, 561, 210, 213, 438, 215, 570, 187, 253}",[]
215,"{65, 383, 201, 364, 591, 435, 214, 278, 472, 153, 155, 190, 216}",[]
216,"{577, 132, 485, 199, 331, 590, 530, 117, 438, 215, 570, 315, 253}",[]
217,"{160, 289, 355, 491, 364, 240, 340, 310, 312, 506}",[]
218,"{420, 5, 296, 203, 537, 402, 531, 596, 245, 343, 504, 409, 510}",[]
219,"{544, 322, 323, 198, 377, 140, 589, 428, 556, 402, 180, 57}",[]
220,"{544, 322, 323, 130, 140, 525, 428, 19, 180, 377}",[]
221,"{2, 130, 323, 326, 134, 295, 458, 556, 365, 428, 208, 126}",[]
222,"{135, 520, 360, 526, 15, 336, 308, 373}",[]
223,"{355, 71, 171, 173, 240, 340, 501, 310, 312, 61}",[]
224,"{321, 578, 518, 327, 167, 552, 49, 242, 21, 566, 122, 123, 125, 574}",[]
225,"{482, 195, 451, 290, 354, 136, 168, 266, 270, 366, 184, 443, 28, 287}",[]
226,"{192, 97, 449, 363, 434, 147, 179, 276, 58, 508, 446}",[]
227,"{290, 195, 482, 459, 270, 339, 184, 444, 316, 93, 95, 287}",[]
228,"{5, 517, 510, 203, 537, 335, 592, 432, 596, 245, 535, 409, 343, 351}",[]
229,"{320, 385, 67, 389, 6, 10, 11, 528, 593, 595, 243, 408, 318}",[]
230,"{353, 385, 36, 70, 103, 27, 555, 557, 430, 337, 411, 55, 183, 59}",[]
231,"{97, 226, 354, 9, 363, 434, 147, 58, 508, 446, 447}",[]
232,"{257, 197, 455, 200, 362, 204, 46, 82, 350}",[]
233,"{76, 111, 435, 278, 214, 472, 151, 186, 155, 383}",[]
234,"{416, 96, 327, 169, 206, 16, 49, 404, 21, 566, 568, 94}",[]
235,"{96, 161, 484, 230, 568, 528, 20, 24, 25, 94}",[]
236,"{547, 35, 490, 396, 559, 241, 247, 345, 380, 350}",[]
237,"{512, 416, 327, 552, 169, 206, 175, 49, 242, 404, 21, 566, 568}",[]
238,"{100, 293, 358, 250, 493, 368, 89, 186, 286, 191}",[]
239,"{322, 198, 361, 522, 377, 140, 525, 108, 428, 83, 180, 57}",[]
240,"{577, 194, 487, 415, 105, 331, 315, 530, 117, 598, 217, 251, 62, 223}",[]
241,"{35, 547, 166, 38, 268, 47, 559, 498, 247, 345, 442, 380}",[]
242,"{224, 516, 101, 582, 521, 75, 108, 557, 237, 178, 83, 51, 183, 411}",[]
243,"{320, 67, 484, 389, 229, 10, 11, 528, 593, 20, 318, 319}",[]
244,"{422, 359, 104, 588, 590, 303, 433, 210, 561, 438, 314, 253, 30}",[]
245,"{228, 102, 397, 497, 506, 501, 86, 534, 181, 218}",[]
246,"{439, 262, 329, 586, 425, 110, 273, 84, 118, 599, 374, 348, 413}",[]
247,"{34, 35, 547, 38, 166, 490, 396, 559, 241, 345, 380, 93, 350}",[]
248,"{545, 421, 71, 423, 171, 173, 400, 176, 61, 340, 312, 29}",[]
249,"{32, 418, 579, 3, 580, 581, 7, 550, 562, 533, 157, 407, 283, 220, 221, 542}",[]
250,"{450, 133, 294, 199, 313, 238, 502, 185}",[]
251,"{160, 355, 173, 240, 340, 501, 310, 312, 506}",[]
252,"{483, 388, 453, 421, 423, 172, 400, 532, 119, 441, 476, 477}",[]
253,"{383, 329, 201, 244, 214, 151, 472, 153, 278, 374, 216}",[]
254,"{100, 293, 567, 519, 392, 394, 107, 493, 436, 150, 471}",[]
255,"{257, 547, 281, 490, 396, 559, 339, 247, 345, 571, 380, 350}",[]
256,"{288, 257, 547, 197, 200, 490, 396, 559, 464, 281, 571, 541, 350}",[]
257,"{256, 66, 452, 551, 79, 145, 403, 469, 182, 344, 154, 255}",[]
258,"{452, 260, 553, 80, 344, 154, 159}",[]
259,"{384, 64, 260, 553, 565, 344, 569}",[]
260,"{258, 259, 261, 8, 585, 202, 109, 560, 369, 279}",[]
261,"{384, 260, 111, 273, 212, 569, 348}",[]
262,"{129, 356, 454, 104, 106, 587, 300, 141, 347, 246, 91}",[]
263,"{129, 356, 488, 106, 587, 299, 141, 300, 302, 431, 376, 347}",[]
264,"{1, 262, 263, 599, 298, 426, 301, 85, 437, 439, 474, 317}",[]
265,"{509, 515, 388, 453, 390, 424, 461, 399, 48, 18, 371, 280, 477}",[]
266,"{225, 514, 164, 567, 392, 330, 107, 460, 143, 597, 471}",[]
267,"{130, 418, 580, 550, 295, 458, 19, 412, 157, 126}",[]
268,"{35, 38, 166, 72, 236, 494, 241, 498, 403, 182, 442, 284, 189, 255}",[]
269,"{384, 39, 586, 138, 42, 77, 427, 112, 273, 212, 565, 569, 90, 507}",[]
270,"{192, 449, 290, 195, 482, 136, 168, 316, 184, 444, 443, 28, 93, 95, 287}",[]
271,"{352, 98, 261, 454, 585, 202, 560, 369, 50, 467, 211, 91}",[]
272,"{512, 576, 387, 388, 483, 518, 552, 489, 424, 397, 142, 175, 405}",[]
273,"{193, 417, 261, 8, 585, 587, 174, 467, 213, 246}",[]
274,"{320, 67, 389, 6, 229, 10, 595, 372, 408, 318}",[]
275,"{324, 485, 415, 177, 338, 530, 370, 53, 120, 315, 479}",[]
276,"{192, 97, 226, 449, 354, 9, 508, 434, 147, 58, 443, 28}",[]
277,"{321, 578, 579, 99, 581, 548, 391, 43, 367, 239, 114, 564, 122, 220, 542}",[]
278,"{577, 132, 292, 199, 233, 331, 590, 117, 438, 215, 570, 253}",[]
279,"{384, 260, 553, 80, 565, 344, 569, 154, 152}",[]
280,"{515, 131, 139, 12, 461, 399, 48, 18, 371, 500, 52, 503, 88}",[]
281,"{256, 66, 37, 79, 145, 563, 469, 406, 182, 378, 255}",[]
282,"{194, 133, 294, 199, 331, 117, 502, 313, 62}",[]
283,"{544, 130, 323, 458, 428, 589, 556, 208, 19, 180, 377, 351}",[]
284,"{35, 547, 197, 490, 396, 559, 241, 247, 350}",[]
285,"{509, 515, 388, 390, 424, 169, 461, 175, 48, 18, 371, 477}",[]
286,"{481, 450, 456, 170, 238, 465, 185, 349, 158, 575}",[]
287,"{448, 225, 514, 227, 567, 519, 330, 143, 471, 538, 311, 375}",[]
288,"{256, 66, 452, 37, 79, 145, 469, 573, 414, 159}",[]
289,"{33, 485, 487, 479, 592, 177, 338, 530, 53, 120, 217, 315, 415}",[]
290,"{448, 225, 514, 227, 330, 406, 311, 538, 539, 375}",[]
291,"{515, 390, 424, 12, 461, 399, 48, 18, 371, 52, 503, 280, 509}",[]
292,"{186, 329, 76, 111, 214, 151, 472, 278, 374, 348, 383}",[]
293,"{481, 450, 482, 456, 366, 238, 465, 349, 254, 575}",[]
294,"{545, 250, 493, 176, 436, 150, 56, 282, 29}",[]
295,"{32, 418, 580, 550, 562, 533, 309, 407, 470, 249, 157, 221}",[]
296,"{576, 397, 496, 497, 506, 181, 86, 501, 218}",[]
297,"{33, 517, 457, 523, 592, 144, 432, 177, 307, 53, 120, 479}",[]
298,"{0, 98, 264, 40, 41, 299, 426, 77, 141, 300, 431, 347, 85, 376, 474, 91}",[]
299,"{0, 129, 356, 454, 488, 40, 91, 298, 300, 141, 41, 106, 431, 302, 85, 376, 347}",[]
300,"{0, 129, 356, 69, 488, 298, 587, 299, 141, 106, 302, 431, 376, 347}",[]
301,"{1, 439, 262, 263, 264, 425, 426, 333, 85, 118, 599, 437, 474, 317, 413}",[]
302,"{129, 356, 69, 488, 104, 299, 300, 141, 431, 303, 246, 314}",[]
303,"{196, 69, 422, 359, 393, 302, 433, 210, 113, 306, 561, 342, 314, 30}",[]
304,"{128, 65, 163, 357, 333, 463, 305, 188, 244, 437, 153, 124, 317}",[]
305,"{128, 65, 163, 357, 332, 333, 398, 463, 591, 81, 304, 341, 124}",[]
306,"{196, 324, 485, 422, 393, 303, 17, 338, 113, 177, 370, 342, 307, 92, 30}",[]
307,"{457, 523, 144, 529, 17, 177, 370, 53, 306, 120, 92, 572, 479}",[]
308,"{228, 549, 520, 137, 360, 526, 15, 336, 373, 540, 222}",[]
309,"{418, 580, 549, 550, 7, 336, 562, 533, 470, 157, 283, 221, 31}",[]
310,"{577, 33, 223, 487, 105, 479, 315, 530, 598, 217, 251, 415}",[]
311,"{448, 225, 514, 227, 330, 13, 597, 375, 346, 539, 445}",[]
312,"{194, 487, 105, 74, 45, 499, 598, 248, 217, 251, 62, 223}",[]
313,"{545, 100, 392, 394, 250, 493, 368, 176, 436, 150, 282}",[]
314,"{425, 333, 110, 304, 124, 244, 437, 374, 439, 188, 317}",[]
315,"{289, 355, 419, 71, 364, 240, 275, 340, 310, 216, 190}",[]
316,"{290, 195, 287, 482, 34, 459, 270, 339, 184, 345, 444, 443, 28, 93, 95}",[]
317,"{1, 264, 425, 333, 301, 463, 110, 304, 437, 439, 188}",[]
318,"{320, 67, 229, 389, 6, 10, 528, 593, 243, 595, 408}",[]
319,"{96, 484, 328, 139, 528, 16, 274, 593, 243, 63}",[]
320,"{96, 484, 328, 16, 528, 274, 319}",[]
321,"{224, 353, 322, 101, 522, 557, 83, 411, 55, 87, 57, 27, 381}",[]
322,"{321, 386, 579, 578, 99, 548, 391, 239, 367, 209, 277, 219, 220}",[]
323,"{3, 548, 581, 7, 558, 283, 562, 533, 407, 249, 219, 220, 221}",[]
324,"{128, 65, 419, 163, 357, 398, 591, 60, 81, 305, 275, 124}",[]
325,"{452, 551, 553, 44, 80, 344, 154, 159}",[]
326,"{549, 7, 137, 558, 495, 336, 594, 470, 540, 221, 31}",[]
327,"{224, 353, 516, 101, 70, 582, 27, 234, 75, 557, 237, 83, 183, 411}",[]
328,"{320, 67, 6, 583, 10, 429, 115, 372, 595, 408, 505}",[]
329,"{193, 417, 292, 104, 585, 588, 174, 213, 246, 253}",[]
330,"{481, 482, 195, 451, 290, 136, 168, 266, 459, 270, 366, 465, 184, 287}",[]
331,"{56, 383, 201, 364, 591, 240, 435, 278, 472, 282, 155, 190, 216}",[]
332,"{289, 163, 357, 135, 360, 297, 491, 526, 334, 81, 305, 275, 341, 60}",[]
333,"{1, 425, 301, 110, 463, 304, 305, 124, 244, 437, 374, 439, 188, 317}",[]
334,"{457, 523, 144, 177, 370, 307, 53, 120, 92, 479}",[]
335,"{228, 102, 520, 137, 15, 594, 308, 373, 540, 31}",[]
336,"{549, 308, 373, 309, 470, 540, 222, 31}",[]
337,"{96, 230, 568, 235, 49, 404, 21, 24, 25, 94}",[]
338,"{128, 65, 289, 419, 357, 491, 364, 398, 591, 81, 275, 60}",[]
339,"{227, 37, 13, 145, 563, 469, 406, 375, 378, 539, 255}",[]
340,"{194, 487, 105, 315, 117, 598, 248, 217, 251, 62, 223}",[]
341,"{163, 357, 135, 360, 332, 334, 463, 81, 305, 275, 60}",[]
342,"{196, 324, 422, 359, 393, 590, 303, 17, 433, 306, 113, 370, 314, 30}",[]
343,"{160, 513, 228, 102, 520, 137, 15, 594, 506, 218}",[]
344,"{257, 258, 259, 325, 165, 455, 200, 170, 204, 78, 464, 401, 279}",[]
345,"{34, 547, 35, 490, 396, 559, 241, 339, 247, 380, 281, 444, 571, 316, 93, 95}",[]
346,"{448, 225, 514, 143, 597, 567, 26, 311, 445}",[]
347,"{262, 263, 41, 586, 42, 427, 77, 426, 112, 85, 599, 474, 507}",[]
348,"{193, 417, 292, 261, 8, 585, 109, 174, 213, 246}",[]
349,"{191, 100, 293, 358, 519, 394, 79, 368, 145, 538, 573, 414, 286}",[]
350,"{256, 66, 452, 551, 236, 494, 403, 469, 182, 154, 284, 189, 255}",[]
351,"{228, 102, 7, 137, 395, 558, 495, 594, 534, 283, 540, 31}",[]
352,"{259, 202, 204, 78, 271, 46, 560, 82, 211, 369, 50, 279}",[]
353,"{321, 161, 230, 327, 49, 21, 566, 24, 122, 125, 94}",[]
354,"{225, 514, 164, 231, 107, 460, 143, 597, 149, 567, 445}",[]
355,"{33, 223, 487, 415, 592, 315, 530, 53, 120, 217, 251, 510, 479}",[]
356,"{439, 262, 263, 264, 425, 586, 42, 426, 77, 301, 118, 599, 474, 413}",[]
357,"{324, 485, 422, 393, 17, 306, 113, 338, 370, 177, 342, 30}",[]
358,"{450, 165, 456, 170, 238, 401, 185, 158, 349, 478, 575}",[]
359,"{128, 65, 425, 333, 110, 304, 124, 244, 374, 153, 188}",[]
360,"{160, 135, 520, 297, 491, 332, 526, 334, 81, 308, 341, 60, 222}",[]
361,"{386, 578, 167, 395, 524, 239, 495, 209, 497, 468, 86, 534, 123}",[]
362,"{257, 325, 197, 455, 200, 232, 204, 78, 46, 464, 82, 350}",[]
363,"{515, 131, 453, 231, 460, 399, 149, 119, 88}",[]
364,"{577, 132, 485, 487, 331, 530, 338, 117, 598, 215, 217, 315, 62, 415}",[]
365,"{2, 134, 326, 295, 458, 556, 462, 208, 536, 412, 543}",[]
366,"{225, 100, 293, 567, 519, 392, 394, 330, 107, 493, 436, 471, 538, 414}",[]
367,"{544, 322, 522, 140, 525, 180, 23, 55, 377, 381, 57}",[]
368,"{481, 450, 185, 456, 170, 238, 465, 313, 349, 158, 575}",[]
369,"{384, 260, 80, 565, 152, 569, 90}",[]
370,"{324, 393, 457, 144, 17, 338, 113, 306, 307, 342, 177, 120, 92, 415}",[]
371,"{291, 265, 429, 179, 116, 22, 505, 285, 446}",[]
372,"{96, 416, 328, 169, 139, 16, 48, 274, 404, 503, 568, 509, 63}",[]
373,"{549, 137, 526, 336, 308, 540, 222}",[]
374,"{193, 292, 359, 104, 588, 590, 433, 210, 561, 213, 246, 438, 314, 253}",[]
375,"{290, 195, 482, 136, 168, 459, 270, 465, 339, 316, 184, 444, 287}",[]
376,"{0, 129, 98, 356, 454, 40, 41, 298, 299, 300, 141, 106, 431, 347, 85, 91}",[]
377,"{386, 579, 548, 581, 395, 367, 283, 239, 562, 407, 219, 220, 542}",[]
378,"{34, 547, 281, 490, 396, 559, 339, 247, 345, 444, 571, 380, 93}",[]
379,"{545, 421, 493, 400, 176, 436, 150, 29}",[]
380,"{34, 547, 35, 38, 490, 396, 559, 241, 247, 345, 93, 95}",[]
381,"{322, 59, 522, 555, 140, 525, 83, 411, 55, 87, 23, 57, 27}",[]
382,"{256, 37, 166, 38, 73, 236, 13, 47, 442, 498, 563, 406, 182, 378, 539, 284, 255}",[]
383,"{292, 233, 331, 174, 561, 213, 438, 215, 570, 187, 253}",[]
384,"{259, 261, 8, 585, 202, 271, 560, 369, 50, 467, 279}",[]
385,"{96, 484, 230, 235, 20, 94, 568, 24, 25}",[]
386,"{322, 198, 361, 377, 140, 589, 108, 428, 402, 83, 531, 180, 57}",[]
387,"{516, 582, 486, 521, 554, 75, 205, 272, 466, 51, 156, 511}",[]
388,"{480, 486, 584, 265, 554, 207, 272, 466, 252, 473, 156, 285}",[]
389,"{320, 385, 229, 6, 10, 11, 430, 528, 593, 243, 54, 408, 318}",[]
390,"{291, 583, 265, 554, 429, 505, 207, 115, 22, 473, 475, 156, 285}",[]
391,"{322, 522, 140, 525, 83, 411, 55, 87, 23, 57, 27, 381}",[]
392,"{481, 451, 4, 313, 136, 168, 266, 14, 366, 465, 121, 410, 254}",[]
393,"{128, 65, 163, 357, 398, 591, 463, 81, 304, 305, 124}",[]
394,"{481, 450, 451, 313, 136, 14, 366, 465, 121, 349, 254, 575}",[]
395,"{198, 361, 377, 428, 589, 108, 402, 531, 180, 537, 351}",[]
396,"{256, 66, 452, 37, 236, 403, 469, 182, 378, 284, 189, 382, 255}",[]
397,"{420, 296, 521, 492, 205, 527, 272, 178, 51, 499, 245, 440, 511}",[]
398,"{577, 324, 132, 485, 393, 590, 433, 338, 530, 306, 30, 415}",[]
399,"{97, 291, 584, 265, 363, 147, 473, 508, 446}",[]
400,"{162, 68, 447, 45, 14, 148, 248, 410, 379, 252, 127}",[]
401,"{66, 452, 358, 553, 79, 80, 344, 154, 159}",[]
402,"{386, 102, 395, 558, 495, 209, 594, 497, 468, 534, 218, 219}",[]
403,"{257, 197, 455, 200, 232, 362, 396, 559, 571, 350}",[]
404,"{582, 70, 583, 234, 237, 337, 115, 372, 183, 475, 156}",[]
405,"{516, 420, 101, 521, 554, 75, 492, 205, 527, 272, 178, 51, 440, 511}",[]
406,"{541, 290, 34, 547, 281, 490, 459, 339, 316, 184, 345, 444, 93, 95}",[]
407,"{544, 130, 323, 295, 458, 428, 556, 140, 19, 377, 126}",[]
408,"{96, 416, 484, 328, 139, 16, 274, 503, 568, 63, 319}",[]
409,"{513, 228, 102, 15, 497, 506, 501, 534, 86, 181, 218}",[]
410,"{545, 164, 392, 107, 460, 400, 119, 441, 476}",[]
411,"{321, 230, 391, 327, 49, 114, 242, 564, 122, 125, 574}",[]
412,"{32, 2, 130, 580, 418, 550, 295, 458, 267, 365, 157, 126}",[]
413,"{193, 129, 417, 356, 454, 104, 585, 106, 587, 588, 246}",[]
414,"{288, 481, 482, 456, 459, 366, 465, 184, 349, 541, 575}",[]
415,"{160, 289, 419, 355, 491, 364, 398, 591, 240, 81, 275, 310, 60}",[]
416,"{6, 583, 234, 237, 595, 115, 372, 22, 408, 505, 475}",[]
417,"{329, 111, 273, 212, 84, 214, 151, 118, 348, 413}",[]
418,"{32, 580, 549, 550, 249, 267, 562, 533, 470, 407, 221, 309, 412, 157}",[]
419,"{577, 324, 132, 485, 479, 590, 338, 530, 315, 415}",[]
420,"{102, 524, 397, 209, 497, 468, 405, 86, 534, 501, 181, 218}",[]
421,"{162, 546, 68, 486, 74, 45, 148, 248, 379, 252, 127}",[]
422,"{128, 65, 357, 333, 463, 304, 305, 188, 244, 153, 124}",[]
423,"{546, 68, 486, 74, 492, 45, 248, 252, 127}",[]
424,"{480, 291, 584, 265, 554, 207, 272, 466, 22, 473, 475, 156, 285}",[]
425,"{129, 193, 356, 69, 359, 104, 588, 302, 210, 246, 314}",[]
426,"{0, 129, 356, 454, 40, 298, 299, 300, 141, 106, 431, 347, 376, 91}",[]
427,"{262, 39, 41, 586, 138, 42, 77, 269, 426, 112, 212, 507, 413}",[]
428,"{386, 548, 581, 7, 395, 558, 495, 283, 239, 562, 407, 219, 220, 221}",[]
429,"{515, 390, 328, 139, 12, 461, 48, 371, 52, 500, 503, 280, 509}",[]
430,"{385, 353, 36, 389, 70, 103, 59, 234, 11, 555, 337, 54, 27}",[]
431,"{0, 129, 356, 69, 488, 41, 298, 299, 300, 141, 106, 302, 376, 347}",[]
432,"{513, 228, 520, 137, 297, 526, 15, 308, 540, 222}",[]
433,"{128, 65, 201, 398, 591, 110, 304, 188, 244, 374, 472, 153, 124}",[]
434,"{192, 449, 97, 226, 354, 9, 363, 147, 276, 58, 443, 508, 446, 447}",[]
435,"{133, 199, 233, 331, 117, 215, 570, 187, 62}",[]
436,"{481, 450, 451, 162, 133, 294, 313, 14, 366, 121, 379, 254, 575}",[]
437,"{1, 439, 263, 264, 425, 333, 301, 110, 304, 84, 118, 599, 474, 188, 317}",[]
438,"{65, 383, 201, 591, 244, 278, 214, 472, 153, 374, 216}",[]
439,"{129, 356, 69, 488, 104, 300, 141, 302, 246, 314}",[]
440,"{576, 489, 524, 397, 142, 173, 496, 405, 86, 501, 181}",[]
441,"{97, 162, 4, 584, 9, 127, 14, 148, 121, 410, 252, 447}",[]
442,"{35, 166, 38, 73, 268, 236, 47, 241, 498, 403, 563, 182, 378, 284, 189, 382, 255}",[]
443,"{192, 449, 290, 195, 451, 354, 136, 168, 266, 270, 434, 276, 316, 58, 28, 287}",[]
444,"{227, 37, 13, 563, 406, 375, 378, 539}",[]
445,"{448, 514, 131, 164, 346, 143, 597, 149, 311, 88, 26}",[]
446,"{515, 131, 453, 231, 399, 371, 149, 280, 88}",[]
447,"{164, 453, 231, 107, 460, 400, 149, 119, 441, 476}",[]
448,"{225, 514, 227, 567, 330, 143, 597, 471, 346, 539, 445, 311, 375}",[]
449,"{192, 97, 226, 195, 4, 354, 168, 9, 266, 508, 270, 434, 147, 276, 58, 443, 28}",[]
450,"{100, 293, 358, 519, 394, 493, 368, 436, 150, 250, 286, 191}",[]
451,"{225, 514, 164, 567, 519, 392, 394, 330, 107, 143, 436, 471, 538}",[]
452,"{288, 257, 258, 325, 197, 455, 200, 362, 396, 464, 401, 571, 350}",[]
453,"{97, 584, 265, 9, 363, 147, 252, 473, 508, 446, 447}",[]
454,"{262, 39, 586, 427, 42, 269, 77, 426, 112, 212, 507, 413}",[]
455,"{452, 551, 72, 44, 80, 403, 344, 154}",[]
456,"{191, 414, 100, 293, 358, 493, 368, 89, 186, 573, 286, 159}",[]
457,"{160, 135, 520, 360, 297, 491, 332, 526, 334, 81, 60}",[]
458,"{32, 418, 580, 7, 562, 533, 470, 407, 309, 249, 283, 221, 31}",[]
459,"{227, 37, 330, 145, 469, 406, 375, 538, 539, 573, 414}",[]
460,"{97, 354, 4, 58, 9, 266, 363, 434, 147, 148, 410, 447}",[]
461,"{291, 265, 429, 505, 207, 115, 22, 473, 156, 285}",[]
462,"{2, 134, 326, 351, 365, 335, 208, 146, 535, 536, 572, 543}",[]
463,"{128, 65, 163, 357, 333, 304, 305, 341, 124, 317}",[]
464,"{256, 66, 452, 551, 553, 79, 145, 469, 344, 154, 573, 159}",[]
465,"{100, 293, 519, 392, 394, 330, 368, 145, 471, 538, 375, 573, 414, 286}",[]
466,"{512, 576, 387, 388, 483, 424, 489, 172, 142, 175, 18, 532, 477}",[]
467,"{384, 39, 586, 138, 42, 269, 427, 112, 273, 212, 569}",[]
468,"{420, 101, 198, 521, 361, 75, 108, 527, 402, 83, 531, 178, 57, 511}",[]
469,"{288, 257, 490, 459, 396, 464, 339, 281, 571, 541, 350}",[]
470,"{2, 134, 326, 295, 458, 556, 365, 462, 208}",[]
471,"{481, 482, 195, 4, 451, 136, 168, 266, 366, 465, 121, 254, 287}",[]
472,"{577, 132, 292, 233, 331, 590, 561, 433, 213, 438, 215, 570, 253}",[]
473,"{515, 388, 453, 390, 483, 424, 461, 399, 18, 532, 119, 477}",[]
474,"{0, 1, 439, 262, 263, 264, 41, 586, 298, 426, 77, 42, 301, 85, 437, 599}",[]
475,"{512, 416, 390, 552, 169, 424, 206, 175, 404, 21, 566, 568, 509}",[]
476,"{480, 162, 584, 447, 45, 14, 148, 410, 252, 127}",[]
477,"{480, 486, 584, 265, 207, 466, 252, 473, 156, 285}",[]
478,"{64, 358, 76, 111, 151, 89, 186, 191}",[]
479,"{160, 513, 289, 355, 419, 297, 491, 334, 275, 310, 60}",[]
480,"{483, 388, 424, 489, 172, 142, 175, 18, 532, 119, 476, 477}",[]
481,"{100, 293, 519, 392, 394, 330, 493, 368, 436, 471, 538, 573, 414, 286}",[]
482,"{225, 227, 293, 567, 519, 330, 471, 538, 414, 375}",[]
483,"{480, 546, 486, 584, 554, 492, 207, 272, 466, 473, 252}",[]
484,"{320, 385, 229, 389, 6, 10, 11, 593, 243, 408, 318}",[]
485,"{128, 65, 289, 419, 357, 201, 364, 398, 591, 275, 216, 153, 190}",[]
486,"{576, 387, 388, 483, 421, 423, 489, 172, 142, 496, 532, 477}",[]
487,"{289, 355, 71, 171, 364, 240, 340, 310, 312, 190}",[]
488,"{0, 129, 356, 69, 299, 300, 141, 302, 431}",[]
489,"{480, 546, 486, 74, 492, 205, 45, 272, 466, 51, 499, 440}",[]
490,"{256, 66, 37, 73, 236, 563, 469, 406, 182, 378, 284, 382, 255}",[]
491,"{33, 517, 457, 479, 592, 177, 338, 307, 53, 120, 217, 415}",[]
492,"{576, 483, 423, 489, 397, 142, 173, 496, 405, 181, 501, 61}",[]
493,"{481, 450, 133, 294, 456, 238, 366, 313, 379, 254, 575}",[]
494,"{256, 38, 551, 72, 268, 44, 498, 403, 182, 284, 189}",[]
495,"{5, 326, 198, 361, 428, 589, 402, 531, 596, 535, 537, 351}",[]
496,"{546, 486, 440, 296, 74, 492, 205, 499, 504, 511}",[]
497,"{420, 5, 198, 296, 361, 537, 527, 402, 531, 596, 245, 504, 409, 511}",[]
498,"{35, 166, 38, 268, 236, 494, 47, 378, 241, 403, 182, 442, 284, 189, 382, 255}",[]
499,"{576, 489, 397, 173, 496, 501, 86, 181, 312, 506}",[]
500,"{328, 139, 12, 48, 371, 52, 503, 280, 509, 63}",[]
501,"{420, 440, 296, 492, 499, 245, 504, 409, 251, 510, 223}",[]
502,"{545, 71, 250, 171, 176, 61, 150, 56, 282, 29}",[]
503,"{291, 429, 595, 372, 116, 22, 115, 408, 505}",[]
504,"{513, 496, 497, 506, 501, 86, 181, 218}",[]
505,"{416, 515, 390, 328, 169, 139, 12, 461, 16, 48, 371, 500, 503, 509}",[]
506,"{33, 517, 296, 409, 592, 499, 596, 245, 343, 504, 217, 251, 510}",[]
507,"{0, 262, 39, 41, 586, 138, 42, 269, 77, 427, 426, 112}",[]
508,"{449, 226, 97, 363, 434, 147, 276, 179, 58, 446}",[]
509,"{291, 583, 265, 429, 115, 372, 22, 505, 475, 156, 285}",[]
510,"{160, 513, 355, 228, 102, 520, 15, 506, 501, 218}",[]
511,"{576, 387, 518, 167, 524, 397, 496, 497, 468, 405, 86, 181, 123}",[]
512,"{516, 582, 521, 554, 75, 237, 272, 466, 51, 183, 475, 156}",[]
513,"{33, 5, 517, 523, 203, 592, 432, 596, 53, 343, 504, 409, 510, 479}",[]
514,"{192, 449, 290, 195, 354, 451, 136, 168, 266, 270, 58, 443, 28, 287}",[]
515,"{291, 265, 363, 429, 505, 207, 179, 22, 473, 285, 446}",[]
516,"{512, 387, 518, 327, 167, 552, 524, 206, 142, 175, 242, 405, 566}",[]
517,"{160, 513, 228, 520, 137, 297, 491, 526, 15, 506}",[]
518,"{224, 516, 101, 582, 521, 554, 75, 205, 527, 272, 178, 51, 511}",[]
519,"{481, 450, 451, 482, 136, 575, 366, 465, 121, 349, 254, 287}",[]
520,"{517, 457, 523, 203, 335, 592, 529, 432, 53, 343, 120, 572, 510}",[]
521,"{512, 576, 387, 518, 167, 552, 524, 397, 242, 468, 405, 123, 574}",[]
522,"{321, 578, 548, 391, 43, 239, 367, 114, 277, 122, 123, 125, 574}",[]
523,"{513, 520, 360, 297, 526, 334, 15, 308, 222}",[]
524,"{516, 420, 101, 521, 361, 75, 108, 205, 527, 178, 531, 83, 51, 440, 511}",[]
525,"{544, 322, 377, 522, 140, 19, 23, 180, 55, 87, 57, 381}",[]
526,"{513, 135, 520, 360, 297, 332, 334, 15, 308, 373, 222}",[]
527,"{578, 518, 167, 524, 397, 209, 497, 468, 405, 86, 534, 181, 123}",[]
528,"{484, 389, 229, 235, 593, 274, 243, 20, 25, 318, 319}",[]
529,"{517, 457, 523, 144, 432, 146, 307, 536, 92, 572, 543}",[]
530,"{289, 419, 355, 201, 364, 398, 591, 240, 275, 310, 216, 190}",[]
531,"{386, 102, 395, 524, 495, 209, 594, 497, 468, 86, 534, 218}",[]
532,"{480, 546, 486, 584, 207, 466, 148, 473, 252}",[]
533,"{544, 130, 323, 295, 458, 267, 556, 208, 19, 412, 126}",[]
534,"{420, 5, 198, 361, 409, 589, 527, 402, 531, 596, 245, 535, 537, 351}",[]
535,"{228, 102, 7, 137, 558, 15, 495, 594, 534, 540, 31}",[]
536,"{5, 134, 326, 523, 203, 365, 462, 335, 432, 529, 146, 535, 572, 543}",[]
537,"{228, 102, 137, 395, 558, 495, 497, 594, 534, 218, 540}",[]
538,"{481, 482, 451, 290, 136, 459, 575, 366, 465, 184, 349, 541, 287}",[]
539,"{448, 227, 37, 73, 13, 563, 406, 311, 378, 382, 375}",[]
540,"{5, 134, 326, 203, 543, 462, 335, 208, 432, 535, 536, 537, 351}",[]
541,"{256, 66, 37, 79, 145, 469, 406, 538, 573, 414}",[]
542,"{32, 3, 579, 581, 99, 548, 43, 367, 277, 407, 249, 219, 220}",[]
543,"{2, 134, 326, 365, 462, 335, 529, 146, 535, 536, 572}",[]
544,"{3, 579, 548, 581, 367, 283, 562, 533, 407, 249, 219, 220, 542}",[]
545,"{194, 162, 68, 294, 45, 14, 148, 502, 248, 313, 410, 379, 127}",[]
546,"{576, 483, 421, 423, 489, 172, 173, 142, 496, 61, 532, 29}",[]
547,"{256, 37, 73, 236, 47, 442, 498, 563, 182, 406, 378, 284, 382, 255}",[]
548,"{544, 322, 323, 198, 377, 522, 140, 525, 428, 180, 57}",[]
549,"{418, 7, 558, 336, 308, 309, 470, 373, 540, 221, 31}",[]
550,"{32, 2, 3, 580, 418, 295, 267, 533, 309, 249, 412, 157, 126}",[]
551,"{257, 325, 197, 455, 200, 232, 362, 204, 78, 46, 464, 350}",[]
552,"{224, 516, 101, 582, 521, 554, 75, 557, 237, 272, 178, 51, 183, 475}",[]
553,"{258, 259, 325, 165, 8, 170, 109, 78, 464, 401, 279, 158}",[]
554,"{512, 387, 388, 483, 390, 518, 552, 424, 206, 142, 175, 405, 566}",[]
555,"{353, 36, 103, 59, 557, 430, 411, 55, 87, 23, 54, 27, 381}",[]
556,"{7, 558, 283, 562, 533, 470, 407, 309, 249, 219, 221, 31}",[]
557,"{321, 230, 327, 552, 49, 242, 21, 566, 122, 125, 574}",[]
558,"{323, 5, 134, 326, 198, 428, 589, 556, 208, 402, 535, 537, 351}",[]
559,"{256, 37, 268, 236, 378, 47, 498, 403, 182, 442, 284, 189, 382, 255}",[]
560,"{384, 260, 138, 269, 112, 212, 565, 569, 90}",[]
561,"{65, 201, 110, 591, 84, 244, 214, 374, 472, 153, 188, 383}",[]
562,"{544, 130, 323, 295, 458, 556, 428, 208, 19, 377, 126}",[]
563,"{227, 37, 73, 236, 13, 378, 47, 469, 406, 442, 539, 382, 255}",[]
564,"{321, 161, 99, 230, 391, 43, 114, 277, 24, 25, 122, 125}",[]
565,"{384, 260, 138, 44, 269, 80, 152, 569, 90}",[]
566,"{224, 353, 516, 101, 70, 582, 583, 554, 75, 234, 557, 237, 183, 475}",[]
567,"{354, 195, 4, 451, 482, 136, 9, 266, 168, 366, 121, 443, 254, 287}",[]
568,"{385, 70, 6, 583, 234, 237, 337, 115, 372, 183, 408, 475}",[]
569,"{352, 259, 261, 8, 202, 78, 271, 560, 369, 50, 467, 279}",[]
570,"{383, 201, 435, 214, 151, 472, 153, 278, 155, 190, 216}",[]
571,"{256, 66, 452, 37, 79, 145, 403, 469, 182, 378, 255}",[]
572,"{517, 457, 523, 203, 462, 335, 144, 529, 146, 432, 307, 343, 536, 543}",[]
573,"{288, 481, 541, 456, 170, 459, 464, 465, 349, 158, 575}",[]
574,"{224, 101, 521, 522, 75, 108, 557, 178, 83, 55, 183, 57, 411}",[]
575,"{414, 100, 293, 358, 519, 394, 493, 368, 436, 538, 573, 286, 191}",[]
576,"{546, 486, 296, 521, 74, 492, 205, 272, 466, 51, 499, 440, 511}",[]
577,"{419, 201, 364, 398, 591, 240, 278, 310, 472, 56, 155, 190, 216}",[]
578,"{224, 322, 101, 198, 361, 522, 108, 527, 178, 83, 180, 57}",[]
579,"{386, 3, 99, 581, 548, 391, 43, 367, 239, 114, 277, 407, 249, 219, 220, 542}",[]
580,"{32, 418, 3, 581, 550, 249, 267, 562, 533, 470, 407, 221, 309, 412, 157}",[]
581,"{32, 3, 579, 580, 99, 548, 219, 367, 562, 277, 533, 407, 249, 283, 220, 542}",[]
582,"{512, 387, 518, 327, 167, 552, 169, 206, 175, 49, 242, 404, 21, 566}",[]
583,"{416, 96, 390, 328, 169, 206, 16, 404, 21, 566, 568, 509}",[]
584,"{483, 388, 453, 424, 172, 399, 18, 532, 119, 441, 476, 477}",[]
585,"{384, 260, 329, 111, 273, 212, 151, 348, 413}",[]
586,"{98, 356, 454, 106, 587, 141, 347, 467, 246, 91}",[]
587,"{262, 263, 586, 42, 427, 112, 273, 212, 84, 118, 599, 413}",[]
588,"{329, 425, 110, 84, 244, 214, 151, 118, 153, 374, 188, 413}",[]
589,"{386, 102, 7, 395, 219, 558, 495, 209, 594, 534, 283, 31}",[]
590,"{128, 65, 419, 201, 398, 591, 244, 278, 374, 472, 153, 124, 216}",[]
591,"{577, 324, 132, 485, 393, 331, 590, 433, 338, 530, 561, 438, 215, 30, 415}",[]
592,"{160, 513, 289, 355, 228, 520, 297, 491, 15, 506}",[]
593,"{320, 484, 389, 229, 10, 11, 528, 243, 54, 318, 319}",[]
594,"{5, 326, 203, 589, 335, 402, 531, 596, 535, 537, 343, 351}",[]
595,"{320, 67, 229, 6, 583, 10, 429, 115, 372, 116, 408, 505, 318}",[]
596,"{513, 228, 102, 137, 15, 495, 497, 594, 506, 534, 86, 218}",[]
597,"{448, 225, 514, 131, 26, 164, 567, 107, 143, 149, 311, 346, 445}",[]
598,"{71, 171, 364, 240, 340, 310, 312, 56, 155, 190}",[]
599,"{129, 356, 104, 488, 106, 587, 300, 141, 302, 246, 347}",[]
600,"{512, 387, 518, 327, 167, 552, 206, 49, 242, 404, 21, 566, 123, 125, 574}",[]
601,"{35, 547, 197, 166, 38, 232, 490, 362, 396, 559, 241, 247, 350}",[]
602,"{288, 541, 482, 459, 465, 339, 184, 281, 571, 444, 349}",[]
603,"{71, 250, 171, 176, 435, 150, 56, 282, 155, 190}",[]
604,"{549, 7, 137, 395, 558, 495, 594, 562, 470, 283, 540, 221, 31}",[]
605,"{576, 524, 397, 496, 497, 468, 405, 86, 501, 181, 218}",[]
606,"{96, 416, 484, 319, 328, 139, 12, 16, 274, 500, 503, 568, 63}",[]
607,"{96, 416, 328, 169, 16, 274, 404, 21, 568, 509}",[]
608,"{98, 454, 40, 202, 587, 91, 106, 271, 560, 50, 467, 211, 376, 347}",[]
609,"{193, 417, 356, 261, 454, 585, 106, 587, 467, 246}",[]
610,"{262, 329, 586, 112, 273, 84, 212, 118, 599, 348, 413}",[]
611,"{193, 417, 292, 104, 588, 174, 561, 210, 213, 246, 438, 253}",[]
612,"{386, 578, 548, 395, 123, 239, 367, 209, 468, 219, 574}",[]
613,"{386, 578, 548, 7, 395, 219, 558, 239, 209, 495, 534, 283, 220}",[]
614,"{544, 323, 198, 377, 428, 589, 556, 208, 402, 180, 537, 351}",[]
615,"{386, 7, 395, 558, 495, 283, 594, 562, 470, 407, 219, 221, 31}",[]
616,"{577, 33, 132, 485, 487, 479, 338, 530, 598, 217, 315, 415}",[]
617,"{418, 549, 7, 336, 309, 157, 470, 373, 221, 31}",[]
618,"{320, 385, 229, 6, 389, 103, 11, 430, 337, 54}",[]
619,"{160, 289, 355, 419, 491, 364, 240, 275, 340, 310, 60}",[]
620,"{448, 225, 514, 164, 107, 143, 597, 149, 567, 346, 445}",[]
621,"{419, 71, 364, 240, 340, 278, 310, 216, 56, 155, 190}",[]
622,"{544, 322, 323, 130, 458, 140, 589, 428, 556, 19, 180, 377}",[]
623,"{450, 68, 133, 294, 199, 238, 502, 313, 379, 254}",[]
624,"{576, 387, 388, 483, 518, 423, 489, 397, 142, 496, 405, 181}",[]
625,"{577, 132, 324, 485, 331, 590, 338, 530, 117, 438, 215, 315, 415}",[]
626,"{384, 262, 39, 586, 42, 427, 269, 112, 273, 212, 413}",[]
627,"{67, 291, 10, 429, 505, 595, 179, 372, 22, 116, 408, 115}",[]
628,"{193, 417, 104, 585, 587, 588, 174, 213, 246}",[]
629,"{329, 201, 110, 84, 244, 214, 151, 472, 153, 374, 188, 383}",[]
630,"{193, 132, 292, 359, 233, 588, 590, 433, 210, 561, 213, 438, 215, 570, 253}",[]
631,"{448, 514, 131, 164, 231, 460, 346, 143, 597, 149, 88, 26, 445}",[]
632,"{515, 131, 453, 231, 12, 399, 371, 52, 149, 280, 26, 88}",[]
633,"{291, 265, 429, 595, 116, 179, 22, 505, 508, 285, 446}",[]
634,"{417, 259, 261, 8, 585, 109, 174, 560}",[]
635,"{33, 517, 409, 592, 596, 53, 343, 504, 217, 251, 510, 479}",[]
636,"{33, 5, 517, 296, 409, 203, 592, 432, 596, 245, 343, 504, 537, 510}",[]
637,"{354, 451, 4, 162, 9, 266, 14, 366, 148, 121, 410, 379, 254, 447}",[]
638,"{544, 130, 323, 267, 140, 525, 428, 19, 23, 377, 126}",[]
639,"{448, 225, 514, 227, 330, 13, 346, 563, 597, 406, 311, 538, 539, 375}",[]
640,"{224, 353, 36, 103, 27, 59, 522, 555, 525, 557, 430, 23, 55, 87, 411, 381}",[]
641,"{226, 291, 265, 363, 429, 434, 147, 116, 179, 473, 508, 446}",[]
642,"{134, 326, 543, 365, 462, 335, 208, 535, 536, 351}",[]
643,"{100, 394, 250, 493, 368, 176, 435, 436, 150, 282, 191}",[]
644,"{484, 389, 229, 235, 528, 593, 274, 243, 20, 318, 319}",[]
645,"{1, 439, 263, 425, 333, 301, 110, 84, 437, 118, 599, 188, 317}",[]
646,"{129, 69, 422, 359, 104, 588, 302, 303, 210, 314}",[]
647,"{196, 422, 359, 393, 303, 433, 210, 561, 342, 314, 30}",[]
648,"{546, 516, 486, 521, 554, 75, 492, 205, 272, 466, 51, 440, 511}",[]
649,"{196, 69, 422, 359, 488, 302, 303, 113, 210, 342, 314}",[]
650,"{1, 163, 333, 463, 304, 305, 188, 244, 437, 124, 317}",[]
651,"{517, 457, 523, 144, 432, 529, 307, 177, 53, 592, 120, 572}",[]
652,"{66, 293, 358, 519, 79, 145, 469, 538, 573, 414, 286}",[]
653,"{135, 520, 360, 297, 332, 526, 334, 308, 341, 373, 222}",[]
654,"{56, 383, 201, 250, 435, 278, 472, 282, 155, 190, 216}",[]
655,"{2, 134, 326, 365, 462, 208, 146, 536, 412, 543}",[]
656,"{162, 68, 4, 294, 313, 14, 148, 502, 121, 410, 379, 254, 127}",[]
657,"{418, 580, 549, 550, 267, 336, 562, 533, 470, 157, 309, 221}",[]
658,"{512, 387, 388, 483, 390, 424, 461, 142, 206, 175, 18, 532, 477}",[]
659,"{480, 516, 582, 486, 554, 205, 207, 272, 466, 51, 156, 285}",[]
660,"{288, 257, 258, 325, 165, 455, 200, 170, 464, 401, 571}",[]
661,"{226, 363, 434, 147, 179, 116, 276, 508, 446}",[]
662,"{517, 5, 326, 523, 203, 335, 432, 146, 596, 535, 536, 572, 343}",[]
663,"{228, 520, 137, 526, 15, 308, 373, 540, 222}",[]
664,"{291, 6, 583, 429, 595, 115, 372, 22, 408, 505, 475}",[]
665,"{128, 419, 163, 357, 332, 334, 398, 60, 81, 305, 275, 341, 124}",[]
666,"{320, 385, 36, 229, 389, 6, 11, 430, 593, 243, 54}",[]
667,"{517, 457, 523, 203, 335, 432, 529, 146, 343, 536, 572}",[]
668,"{5, 134, 326, 523, 203, 462, 335, 432, 146, 535, 536, 572, 543}",[]
669,"{549, 137, 336, 594, 308, 373, 470, 540, 31}",[]
670,"{418, 580, 549, 7, 562, 533, 470, 309, 283, 221, 31}",[]
671,"{2, 323, 130, 134, 295, 458, 267, 556, 365, 208, 412, 126}",[]
672,"{384, 260, 39, 138, 427, 269, 112, 212, 565, 152, 569, 90}",[]
673,"{321, 578, 579, 99, 548, 391, 43, 239, 367, 114, 277, 122, 220}",[]
674,"{64, 191, 186, 250, 76, 368, 435, 89, 282, 383}",[]
675,"{64, 260, 329, 76, 111, 151, 89, 186, 348}",[]
676,"{544, 322, 140, 525, 19, 180, 23, 87, 377, 381}",[]
677,"{544, 130, 323, 295, 458, 267, 556, 19, 157, 126}",[]
678,"{515, 453, 231, 460, 461, 399, 18, 532, 119, 477}",[]
679,"{385, 353, 6, 583, 70, 103, 234, 557, 237, 430, 337, 183, 475}",[]
680,"{423, 71, 171, 173, 496, 340, 501, 181, 312, 61}",[]
681,"{546, 440, 296, 105, 74, 492, 499, 504, 251, 223}",[]
682,"{290, 482, 136, 459, 465, 339, 316, 184, 281, 444, 349, 541, 287}",[]
683,"{545, 100, 392, 394, 107, 493, 400, 176, 436, 150}",[]
684,"{160, 289, 419, 355, 297, 491, 332, 398, 334, 81, 275, 310, 60}",[]
685,"{449, 97, 354, 4, 58, 168, 9, 266, 363, 434, 147, 276, 410, 447}",[]
686,"{162, 68, 4, 9, 447, 14, 148, 121, 410, 379, 252, 254, 127}",[]
687,"{384, 260, 212, 565, 569, 90}",[]
688,"{194, 162, 68, 133, 294, 105, 74, 45, 598, 502, 248, 379, 62, 127}",[]
689,"{417, 259, 261, 165, 8, 585, 109, 174, 187, 478}",[]
690,"{292, 199, 233, 238, 185, 570, 187, 253, 478}",[]
691,"{56, 186, 250, 76, 435, 278, 472, 282, 155, 383}",[]
692,"{128, 289, 419, 357, 297, 491, 332, 334, 398, 81, 275, 341, 60}",[]
693,"{129, 356, 454, 40, 106, 587, 299, 141, 300, 431, 347, 376, 91}",[]
694,"{420, 296, 521, 361, 108, 205, 527, 178, 531, 51, 499, 245, 440, 511}",[]
695,"{322, 377, 522, 140, 525, 108, 83, 180, 55, 23, 57, 411, 381}",[]
696,"{324, 485, 393, 17, 338, 530, 177, 306, 370, 120, 30, 415}",[]
697,"{160, 513, 520, 360, 297, 491, 526, 334, 15, 60}",[]
698,"{97, 354, 451, 4, 162, 58, 9, 266, 14, 148, 121, 410, 447}",[]
699,"{480, 584, 265, 363, 207, 473, 252, 285, 446, 447}",[]
